<?xml version="1.0" encoding="UTF-8" standalone="yes"?>
<cp:coreProperties xmlns:cp="http://schemas.openxmlformats.org/package/2006/metadata/core-properties" xmlns:dc="http://purl.org/dc/elements/1.1/" xmlns:dcterms="http://purl.org/dc/terms/" xmlns:dcmitype="http://purl.org/dc/dcmitype/" xmlns:xsi="http://www.w3.org/2001/XMLSchema-instance"><dc:title>Title</dc:title><dc:creator>Jesse Rosenthal</dc:creator><cp:lastModifiedBy>Jesse Rosenthal</cp:lastModifiedBy><cp:revision>5</cp:revision><dcterms:created xsi:type="dcterms:W3CDTF">2017-06-05T14:10:58Z</dcterms:created><dcterms:modified xsi:type="dcterms:W3CDTF">2022-01-02T22:49:03Z</dcterms:modified></cp:coreProperties>
