<?xml version="1.0" encoding="UTF-8" standalone="yes"?>
<p:viewPr xmlns:a="http://schemas.openxmlformats.org/drawingml/2006/main" xmlns:r="http://schemas.openxmlformats.org/officeDocument/2006/relationships" xmlns:p="http://schemas.openxmlformats.org/presentationml/2006/main" lastView="sldThumbnailView"><p:normalViewPr><p:restoredLeft sz="15643" autoAdjust="0"/><p:restoredTop sz="94694" autoAdjust="0"/></p:normalViewPr><p:slideViewPr><p:cSldViewPr snapToGrid="0" snapToObjects="1"><p:cViewPr varScale="1"><p:scale><a:sx n="161" d="100"/><a:sy n="161" d="100"/></p:scale><p:origin x="560" y="200"/></p:cViewPr><p:guideLst><p:guide orient="horz" pos="1620"/><p:guide pos="2880"/></p:guideLst></p:cSldViewPr></p:slideViewPr><p:outlineViewPr><p:cViewPr><p:scale><a:sx n="33" d="100"/><a:sy n="33" d="100"/></p:scale><p:origin x="0" y="0"/></p:cViewPr></p:outlineViewPr><p:notesTextViewPr><p:cViewPr><p:scale><a:sx n="100" d="100"/><a:sy n="100" d="100"/></p:scale><p:origin x="0" y="0"/></p:cViewPr></p:notesTextViewPr><p:gridSpacing cx="76200" cy="76200"/></p:viewPr>